number,x,y,theta,cmd_value 
0,0.0,0.0,0.0,(3.0, 0.0, 0.0)
0,0.0,0.0,0.0,(3.0, 0.0, 0.0)
0,-0.000167175036841,0.00175903231115,-0.000690308045942,(3.0, 0.0, 0.0)
0,-0.000167175036841,0.00175903231115,-0.000690308045942,(3.0, 0.0, 0.0)
0,-0.000167175036841,0.00175903231115,-0.000690308045942,(3.0, 0.0, 0.0)
0,-0.000101884653225,0.000957624773022,-0.000687469048771,(3.0, 0.0, 0.0)
0,-0.000101884653225,0.000957624773022,-0.000687469048771,(3.0, 0.0, 0.0)
